<?xml version="1.0" encoding="utf-8"?>
<CustomDevice xmlns:xsi="http://www.w3.org/2001/XMLSchema-instance" xsi:noNamespaceSchemaLocation="Custom Device.xsd">
<XSDVersion Major="2010" Minor="0" Fix="0" Build="0" />
  <AddMenu>
    <eng>DeltaPSControl</eng>
    <loc>DeltaPSControl</loc>
  </AddMenu>
  <Version>1.0.0</Version>
  <Type>Asynchronous</Type>
  <MaxOccurrence>1</MaxOccurrence>
  <MainPageGUID>a9757bbc-b63a-4950-8d5b-061fccb06955</MainPageGUID>
  <InitializationVI>
    <Type>Action</Type>
    <Item2Launch>
      <Type>To Common Doc Dir</Type>
		<Path>Custom Devices\DeltaPSControl\DeltaPSControl Configuration.llb\Initialization VI.vi</Path>
    </Item2Launch>
  </InitializationVI>
  <CustomDeviceVI>
		<SourceDistribution>
			<Source>
				<SupportedTarget>Windows</SupportedTarget>
				<Source>
					<Type>To Common Doc Dir</Type>
					<Path>Custom Devices\DeltaPSControl\Windows\DeltaPSControl Engine Windows.llb\RT Driver VI.vi</Path>
				</Source>
				<RealTimeSystemDestination>c:\ni-rt\VeriStand\Custom Devices\DeltaPSControl\DeltaPSControl Engine Windows.llb\RT Driver VI.vi</RealTimeSystemDestination>
			</Source>
			<Source>
				<SupportedTarget>Linux_x64</SupportedTarget>
				<Source>
					<Type>To Common Doc Dir</Type>
					<Path>Custom Devices\DeltaPSControl\Linux_x64\DeltaPSControl Engine Linux_x64.llb\RT Driver VI.vi</Path>
				</Source>
				<RealTimeSystemDestination>c:\ni-rt\VeriStand\Custom Devices\DeltaPSControl\DeltaPSControl Engine Linux_x64.llb\RT Driver VI.vi</RealTimeSystemDestination>
			</Source>
		</SourceDistribution>
	</CustomDeviceVI>
  <Dependencies />
  <Pages>
    <Page>
      <Name>
        <eng>DeltaPSControl</eng>
        <loc>DeltaPSControl</loc>
      </Name>
      <GUID>a9757bbc-b63a-4950-8d5b-061fccb06955</GUID>
      <Glyph>
			<Type>To Application Data Dir</Type>
			<Path>System Explorer\Glyphs\default fpga category.png</Path>
		</Glyph>
      <Item2Launch>
        <Type>To Common Doc Dir</Type>
		<Path>Custom Devices\DeltaPSControl\DeltaPSControl Configuration.llb\Main Page.vi</Path>
      </Item2Launch>
    </Page>
    <Page>
      <Name>
        <eng>Controls</eng>
        <loc>Controls</loc>
      </Name>
      <GUID>2ad02c65-8b59-4d5c-9cd0-6e2197e40fa1</GUID>
      <Glyph>
			<Type>To Application Data Dir</Type>
			<Path>System Explorer\Glyphs\ni-can outgoing.png</Path>
		</Glyph>
      <Item2Launch>
        <Type>To Common Doc Dir</Type>
		<Path>Custom Devices\DeltaPSControl\DeltaPSControl Configuration.llb\InOutPage.vi</Path>
      </Item2Launch>
    </Page>
	<Page>
      <Name>
        <eng>Indicators</eng>
        <loc>Indicators</loc>
      </Name>
      <GUID>5b739410-4c38-4322-88c6-31c37b7a745d</GUID>
      <Glyph>
			<Type>To Application Data Dir</Type>
			<Path>System Explorer\Glyphs\ni-can incoming.png</Path>
		</Glyph>
      <Item2Launch>
        <Type>To Common Doc Dir</Type>
		<Path>Custom Devices\DeltaPSControl\DeltaPSControl Configuration.llb\InOutPage.vi</Path>
      </Item2Launch>
    </Page>
	<Page>
      <Name>
        <eng>Sequences</eng>
        <loc>Sequences</loc>
      </Name>
      <GUID>5cfa443f-4e58-4866-a6f4-b959386199b6</GUID>
      <Glyph>
			<Type>To Application Data Dir</Type>
			<Path>System Explorer\Glyphs\sequence.png</Path>
		</Glyph>
      <Item2Launch>
        <Type>To Common Doc Dir</Type>
		<Path>Custom Devices\DeltaPSControl\DeltaPSControl Configuration.llb\InOutPage.vi</Path>
      </Item2Launch>
    </Page>
	<Page>
      <Name>
        <eng>Status</eng>
        <loc>Status</loc>
      </Name>
      <GUID>e75353bd-ff68-4c19-b56a-7e874564a189</GUID>
      <Glyph>
			<Type>To Application Data Dir</Type>
			<Path>System Explorer\Glyphs\NI-XNET Status.png</Path>
		</Glyph>
      <Item2Launch>
        <Type>To Common Doc Dir</Type>
		<Path>Custom Devices\DeltaPSControl\DeltaPSControl Configuration.llb\InOutPage.vi</Path>
      </Item2Launch>
    </Page>
  </Pages>
  <CustomXML>
    <Dummy></Dummy>
  </CustomXML>
</CustomDevice>